{
    "total_runtime": 217.9198033809662,
    "num_documents": 1,
    "input_load_time": 0,
    "workflows": {
        "create_base_text_units": {
            "overall": 0.3607919216156006,
            "0_orderby": 0.0039904117584228516,
            "1_zip": 0.005410194396972656,
            "2_aggregate_override": 0.00785207748413086,
            "3_chunk": 0.27181315422058105,
            "4_select": 0.006982088088989258,
            "5_unroll": 0.00799560546875,
            "6_rename": 0.006963968276977539,
            "7_genid": 0.008978843688964844,
            "8_unzip": 0.008012533187866211,
            "9_copy": 0.0059812068939208984,
            "10_filter": 0.02190852165222168
        },
        "create_base_extracted_entities": {
            "overall": 177.7861065864563,
            "0_entity_extract": 177.75000667572021,
            "1_merge_graphs": 0.029852628707885742
        },
        "create_summarized_entities": {
            "overall": 2.640871286392212,
            "0_summarize_descriptions": 2.632889986038208
        },
        "create_base_entity_graph": {
            "overall": 0.054401397705078125,
            "0_cluster_graph": 0.034935712814331055,
            "1_select": 0.01041102409362793
        },
        "create_final_entities": {
            "overall": 1.9623465538024902,
            "0_unpack_graph": 0.017682552337646484,
            "1_rename": 0.013677120208740234,
            "2_select": 0.012985706329345703,
            "3_dedupe": 0.012877464294433594,
            "4_rename": 0.011223793029785156,
            "5_filter": 0.030453920364379883,
            "6_text_split": 0.015364885330200195,
            "7_drop": 0.014160871505737305,
            "8_merge": 0.030104398727416992,
            "9_text_embed": 1.7302420139312744,
            "10_drop": 0.025888919830322266,
            "11_filter": 0.03604555130004883
        },
        "create_final_nodes": {
            "overall": 0.2860534191131592,
            "0_layout_graph": 0.03348374366760254,
            "1_unpack_graph": 0.019985437393188477,
            "2_unpack_graph": 0.01994633674621582,
            "3_drop": 0.017919063568115234,
            "4_filter": 0.042075395584106445,
            "5_select": 0.016791582107543945,
            "6_rename": 0.017981767654418945,
            "7_convert": 0.05999159812927246,
            "8_join": 0.024959087371826172,
            "9_rename": 0.01795816421508789
        },
        "create_final_communities": {
            "overall": 0.48655009269714355,
            "0_unpack_graph": 0.023383378982543945,
            "1_unpack_graph": 0.02302241325378418,
            "2_aggregate_override": 0.02390599250793457,
            "3_join": 0.026820898056030273,
            "4_join": 0.048737287521362305,
            "5_concat": 0.04986906051635742,
            "6_filter": 0.06182694435119629,
            "7_aggregate_override": 0.027446746826171875,
            "8_join": 0.028885841369628906,
            "9_filter": 0.05305290222167969,
            "10_fill": 0.023936748504638672,
            "11_merge": 0.025150537490844727,
            "12_copy": 0.023910045623779297,
            "13_select": 0.02393484115600586
        },
        "join_text_units_to_entity_ids": {
            "overall": 0.0988473892211914,
            "0_select": 0.023936033248901367,
            "1_unroll": 0.02583026885986328,
            "2_aggregate_override": 0.027921199798583984
        },
        "create_final_relationships": {
            "overall": 0.37172579765319824,
            "0_unpack_graph": 0.030561447143554688,
            "1_filter": 0.057444095611572266,
            "2_rename": 0.025444746017456055,
            "3_filter": 0.08481383323669434,
            "4_drop": 0.0288543701171875,
            "5_compute_edge_combined_degree": 0.032913923263549805,
            "6_convert": 0.06081724166870117,
            "7_convert": 0.028922080993652344
        },
        "join_text_units_to_relationship_ids": {
            "overall": 0.14986085891723633,
            "0_select": 0.029928207397460938,
            "1_unroll": 0.0323941707611084,
            "2_aggregate_override": 0.0325624942779541,
            "3_select": 0.029180526733398438
        },
        "create_final_community_reports": {
            "overall": 29.539833307266235,
            "0_prepare_community_reports_nodes": 0.03294992446899414,
            "1_prepare_community_reports_edges": 0.03503680229187012,
            "2_restore_community_hierarchy": 0.03671741485595703,
            "3_prepare_community_reports": 0.0718083381652832,
            "4_create_community_reports": 29.29099416732788,
            "5_window": 0.0448610782623291
        },
        "create_final_text_units": {
            "overall": 0.26628780364990234,
            "0_select": 0.0359036922454834,
            "1_rename": 0.03690195083618164,
            "2_join": 0.04388165473937988,
            "3_join": 0.04091787338256836,
            "4_aggregate_override": 0.037901878356933594,
            "5_select": 0.03487682342529297
        },
        "create_base_documents": {
            "overall": 0.6961324214935303,
            "0_unroll": 0.3121657371520996,
            "1_select": 0.035904645919799805,
            "2_rename": 0.07776522636413574,
            "3_join": 0.040921688079833984,
            "4_aggregate_override": 0.039353132247924805,
            "5_join": 0.04291868209838867,
            "6_rename": 0.03937482833862305,
            "7_convert": 0.07681679725646973
        },
        "create_final_documents": {
            "overall": 0.08075666427612305,
            "0_rename": 0.039893150329589844
        }
    }
}